<?xml version="1.0" encoding="UTF-8"?>
<!DOCTYPE mapper
        PUBLIC "-//mybatis.org//DTD Mapper 3.0//EN"
        "http://mybatis.org/dtd/mybatis-3-mapper.dtd">
<mapper namespace="jhb.mapper.BoardDaoInter">
    <select id="getTotalCount" resultType="int">
        select count(*) from
        springboard
    </select>
    <insert id="insertBoard" parameterType="jhb.member.data.MemberDto">
        insert into springboard(writer,subject,content,writeday)
        values(#{writer},#{subject},#{content},now())
    </insert>
    <select id="getList" parameterType="HashMap"
            resultType="jhb.member.data.MemberDto">
        <![CDATA[
   select a.* from (select @ROWNUM as RNUM,b.* from
   (select * from springboard order by num desc)b)a
   where a.RNUM>=#{start} and a.RNUM<=#{end}
  ]]>
    </select>
    <update id="updateReadcount" parameterType="int">
        update
        springboard set readcount=readcount+1 where num=#{num}
    </update>

    <select id="getData" parameterType="int"
            resultType="jhb.member.data.MemberDto">
        select * from springboard where num=#{num}
    </select>
    <delete id="boardDelete" parameterType="int">

        delete from springboard where num=#{num}

    </delete>
    <update id="boardUpdate" parameterType="jhb.member.data.MemberDto">
        update springboard set writer=#{writer},subject=#{subject},content=#{content},writeday=sysdate where num=#{num}
    </update>


</mapper>
