<?xml version="1.0" encoding="UTF-8"?>
<!DOCTYPE mapper
        PUBLIC "-//mybatis.org//DTD Mapper 3.0//EN"
        "http://mybatis.org/dtd/mybatis-3-mapper.dtd">
<mapper namespace="guest">
    <select id="getList" parameterType="HashMap"
            resultType="jhb.guest.data.GuestDto">
        <![CDATA[
   select a.* from (select ROWNUM as RNUM,b.* from
   (select * from springguest order by num desc)b)a
   where a.RNUM>=#{start} and a.RNUM<=#{end}
  ]]>
    </select>
    <insert id="insertGuest" parameterType="jhb.guest.data.GuestDto">
        insert into springguest values(seq1.nextval,#{writer},#{imagename},#{content},0,sysdate)
    </insert>

    <select id="getTotalCount" resultType="int">
        select count(*) from
        springguest
    </select>
    <delete id="deleteGuest" parameterType="int">
        delete from springguest where num=#{num}
    </delete>
    <select id="getData" parameterType="int"
            resultType="jhb.guest.data.GuestDto">
        select * from springguest where num=#{num}
    </select>


</mapper>

