<?xml version="1.0" encoding="UTF-8"?>
<!DOCTYPE mapper
        PUBLIC "-//mybatis.org//DTD Mapper 3.0//EN"
        "http://mybatis.org/dtd/mybatis-3-mapper.dtd">
<mapper namespace="member">
    <select id="getAllDatas" resultType="jhb.member.data.MemberDto">
        select * from member2 order by num asc
    </select>

    <insert id="insertMember" parameterType="jhb.member.data.MemberDto">
        insert into member2 values(seq_mem.nextval,#{name},#{id},#{pass},sysdate)
    </insert>
    <select id="updateMember" parameterType="String"
            resultType="jhb.member.data.MemberDto">
        update member2 set
        name=#{name},id=#{id},pass=#{pass}
        where num=#{num}
    </select>
    <insert id="deleteMember" parameterType="jhb.member.data.MemberDto">
        delete from member2 where
        num=#{num}
    </insert>
    <select id="getData" parameterType="String"
            resultType="jhb.member.data.MemberDto">
        select * from member2 where num=#{num}
    </select>
    <!--아이디 비번 일치하면 로그인 -->
    <select id="isLogin" parameterType="HashMap" resultType="int">
        select count(*) from member2 where id=#{id} and pass=#{pass}
    </select>
    <!-- 이름 얻는 것 받아서 name얻는 것-->
    <select id="getName" parameterType="String" resultType="String">
        select name from member2 where id=#{id}
    </select>
</mapper>